https://plus-japan.sakura.ne.jp/area/tanacocoro.html,test
https://plus-japan.sakura.ne.jp/area/pegastudio.html,test
https://plus-japan.sakura.ne.jp/area/nax.html,test
https://plus-japan.sakura.ne.jp/area/pulito.html,test
https://plus-japan.sakura.ne.jp/area/lapaume.html,test
https://plus-japan.sakura.ne.jp/area/hyssop.html,test
https://plus-japan.sakura.ne.jp/area/ceriselala.html,test
https://plus-japan.sakura.ne.jp/area/nail-room-u.html,test
https://plus-japan.sakura.ne.jp/area/holic.html,test
https://plus-japan.sakura.ne.jp/area/queserasera.html,test
https://plus-japan.sakura.ne.jp/area/caren.html,test
https://plus-japan.sakura.ne.jp/area/esuteaya.html,test
https://plus-japan.sakura.ne.jp/area/salonar.html,test
https://plus-japan.sakura.ne.jp/area/linda.html,test
https://plus-japan.sakura.ne.jp/area/nextface.html,test
https://plus-japan.sakura.ne.jp/area/wi-clinic.html,test
https://plus-japan.sakura.ne.jp/area/lamyu.html,test
https://plus-japan.sakura.ne.jp/area/rouse.html,test
https://plus-japan.sakura.ne.jp/area/santolina.html,test
https://plus-japan.sakura.ne.jp/area/vetch.html,test
https://plus-japan.sakura.ne.jp/area/epilage.html,test
https://plus-japan.sakura.ne.jp/area/graciela.html,test
https://plus-japan.sakura.ne.jp/area/soie-rouge.html,test
https://plus-japan.sakura.ne.jp/area/queens-wax.html,test
https://plus-japan.sakura.ne.jp/area/chouette.html,test
https://plus-japan.sakura.ne.jp/area/lux.html,test
https://plus-japan.sakura.ne.jp/area/paraamor.html,test
https://plus-japan.sakura.ne.jp/area/soulage.html,test
https://plus-japan.sakura.ne.jp/area/salondeemi.html,test
https://plus-japan.sakura.ne.jp/area/bonnaure.html,test
https://plus-japan.sakura.ne.jp/area/succeed.html,test
https://plus-japan.sakura.ne.jp/area/vimuse.html,test
https://plus-japan.sakura.ne.jp/area/fioritura.html,test
https://plus-japan.sakura.ne.jp/area/bellissime.html,test
https://plus-japan.sakura.ne.jp/area/vigel.html,test
https://plus-japan.sakura.ne.jp/area/bi-cute.html,test
https://plus-japan.sakura.ne.jp/area/aglaia.html,test
https://plus-japan.sakura.ne.jp/area/chouchou.html,test
https://plus-japan.sakura.ne.jp/area/be-feel.html,test
https://plus-japan.sakura.ne.jp/area/maururu.html,test
https://plus-japan.sakura.ne.jp/area/lotus.html,test
